"","diff","lwr","upr","p adj"
"Forest-Agricultural",3.62499999999999,-8.54507430088583,15.7950743008858,0.736475276383933
"Urban-Agricultural",-17.75,-29.9200743008858,-5.5799256991142,0.00384896541859736
"Urban-Forest",-21.375,-33.5450743008858,-9.20492569911418,0.000657967299971696
