"SampleID","Concentration"
"S1",0.407809204946004
"S2",0.409229949375326
"S3",0.352136528906288
"S4",0.437652592176357
"S5",0.373586409629392
"S6",0.326700120302971
"S7",0.333489365968864
"S8",0.353481454348478
"S9",0.312142874773667
"S10",0.320345110654288
"S11",0.395207744652941
"S12",0.342665186570609
"S13",1.26778003543256
"S14",1.19853662227565
"S15",1.20732904004474
"S16",1.20680864608761
"S17",1.23365115227046
"S18",1.22955606538595
